0,-0.6851790109107684
0.008889869358813135,-0.6800196172322694
0.04570584863970306,-0.6582567186584574
0.08198312356676216,-0.6361624314272426
0.11734867436263094,-0.6139665669903674
0.15181571446057546,-0.5916743846162257
0.18540300135294563,-0.5692877833861512
0.21812769011992436,-0.5468097216578504
0.25000709348683847,-0.5242430959507881
0.2810577123657978,-0.50159142249391
0.3112955559238364,-0.47885866231277635
0.34073551693829757,-0.45604975057918395
0.3693920479084943,-0.43317016436073835
0.3972783794703839,-0.4102266172926491
0.4244076577567983,-0.38722622455816913
0.45078988183528795,-0.3641792253467636
0.47643443592894535,-0.3410970861028773
0.5013503296806737,-0.31799237455948687
0.5255425818148136,-0.2948823372185274
0.5490142321485504,-0.2717874882282294
0.5717653953580412,-0.2487329213886339
0.5937912343099955,-0.22575095515357257
0.6150826989323428,-0.2028811635454935
0.6356228748469392,-0.1801752244035172
0.6553869947618626,-0.15769826012814683
0.6743388586683179,-0.1355344527876576
0.692429218806862,-0.11379094112697931
0.7095908333152556,-0.09260611637296759
0.7257367077549166,-0.0721545798294313
0.7407546268955764,-0.052656884652931155
0.7545030386305566,-0.0343876979476343
0.7667997973289704,-0.017693143140478765
0.7752620167409886,-0.006003136766684982
0.7813082271981848,0.0024527520074863283
0.787354437655381,0.010996790503370164
0.7934006481125773,0.01963071706776675
0.7994468585697735,0.02835632110523099
0.8054930690269697,0.03717544509468165
0.8115392794841659,0.04608998670582194
0.8223096989793619,0.06221257977492403
0.8338930704142787,0.07991025466496118
0.8460802617592595,0.0989474907567549
0.8586971023983578,0.11912608997449387
0.8715930589003779,0.140268392372803
0.8846406948620918,0.1622174499175947
0.897736767256803,0.1848409056970818
0.9107988097387052,0.20802796215222613
0.9237624466806659,0.2316875166332118
0.936579168760195,0.25574701439162
0.9492129077278579,0.2801487871980197
0.9616346443233413,0.30484173293623024
0.9738269832475738,0.32979213845261335
0.9857752109553689,0.35496749568436503
0.99746972790453,0.38034229242679973
1.0089042839578803,0.4058953181689356
1.0200762870878095,0.4316112447834939
1.0309836204583762,0.4574740347315669
1.041627286643239,0.4834735242313902
1.0520097162376916,0.5096021318987949
1.0621307106762257,0.5358446596671371
1.0719963939098867,0.5622014783985284
1.081608306515835,0.5886605490163275
1.0909715635829884,0.6152190145451515
1.100089784218847,0.641869654460198
1.1089674325292862,0.6686073929450495
1.1176095770459735,0.695428922549715
1.1260213681640254,0.7223313100946176
1.1342078419095474,0.7493114135652793
1.14217342350077,0.7763641494137119
1.1499248496016232,0.8034925924105574
1.1574647419086606,0.8306857198893108
1.1648015067753676,0.8579535670281189
1.171937330670561,0.8852838467073402
1.1788748953827146,0.9126653374406949
1.185626030734163,0.9401238711932209
1.1921876104285418,0.9676255012013024
1.1985691585134304,0.9951881732073178
1.2047739703469995,1.0228046297956361
1.210806185002609,1.0504713064735243
1.2166711988533838,1.0781909251120327
1.2223737445977212,1.1059639643550625
1.2279157237540796,1.1337772247184887
1.2333039210869747,1.1616422198392755
1.2385430869708556,1.1895616157589481
1.243636231158035,1.217529386903098
1.2485853552344264,1.2455336532581949
1.2533933145920155,1.273566846665602
1.258067012505364,1.3016459337619914
1.2626127222917165,1.329786793184799
1.2670259409000666,1.3579381565036799
1.271317518013811,1.3861455806019378
1.2754867903596514,1.4143819083277847
1.2795379932397013,1.4426520255576705
1.283472104900502,1.4709384313699645
1.2872980922549462,1.4992823421031858
1.2910139055395007,1.5276454701817868
1.2946243430697013,1.5560401768417709
1.29813142096887,1.5844582737349702
1.3015384937601329,1.612902684562118
1.3048512849105307,1.6413981798740689
1.3080729651238692,1.669950350341458
1.311194699236859,1.6984548267504824
1.3142275039740159,1.7269847946676022
1.3171743535345215,1.7555443659375398
1.3200456235777862,1.7842139416747318
1.3228348820506024,1.8129088971952743
1.3255337442513424,1.8415136501648024
1.328163024796357,1.870223075458442
1.3307128748995543,1.8989068766420856
1.3331961776409693,1.9276867504101372
1.3355918615055158,1.9562886434423594
1.337928090562,1.9850204870881882
1.3402005655946014,2.013811733280806
1.3424005964708008,2.042525322335197
1.3445414823294337,2.071308335570961
1.3466285284472066,2.1002145211717984
1.3486560153568525,2.129144953440738
1.3506145790141741,2.1579345790654303
1.3525244728090435,2.1868544423772383
1.3543741602384372,2.2157065835872687
1.3561704949578777,2.2445692924887792
1.3579215477172455,2.2735519904094184
1.3596204694340903,2.3025198798706916
1.3612732328971366,2.3315507350899876
1.3628761448584665,2.360555132324641
1.3644351775940862,2.3896162651182564
1.3659497482241612,2.418700610451571
1.3674115399445756,2.447615886014054
1.3688443150133127,2.4768108867192486
1.370228840157252,2.5058742069205366
1.3715762185433351,2.5350100235882085
1.3728805886867654,2.564065153778475
1.3741427913010074,2.5930245333391277
1.3753693052792897,2.622007851916762
1.3765775278631163,2.6514203226911968
1.3777397042568218,2.680567426463255
1.3788788327338406,2.710000319901318
1.3800056102637883,2.7400070557532654
1.3810716872007152,2.7692650706159414
1.3820985992524184,2.798294854008049
1.383097531951654,2.8273790467890536
1.3840605333024487,2.8562538074929935
1.385002433219389,2.885338315652131
1.3859166523535404,2.9144127942507154
1.3868105129215964,2.9436930087190754
1.3876643029002358,2.9724957308145044
1.3884916632049455,3.0012320096435317
1.3893026365771046,3.0302345177988292
1.3901052003962815,3.0597996158470857
1.3908815208730068,3.0892647685991443
1.3916348484902203,3.118721985791862
1.3923510594989281,3.147565519892508
1.3930546278201086,3.176742994793161
1.3937424935855232,3.2061258348093076
1.3943856589481711,3.2344112243536007
1.3950031589777565,3.2623498839712153
1.3956369646313969,3.2918701810487905
1.3962390412306465,3.3207514352140635
1.396812149376604,3.3490476759286794
1.3973894140343164,3.3783898748339847
1.397934611146293,3.406922793191404
1.398511681575653,3.4380458092358985
1.3990421058331899,3.467540582448414
1.3995260414834516,3.4952371318042994
1.4000478614419762,3.5259944525873648
1.4005526764257474,3.5566847690280268
1.4010637777817871,3.5887549643278063
1.40154279181756,3.619781986462654
1.4020068987270304,3.6507970386207615
1.4024542754697413,3.681639326720987
1.4028639500651303,3.710747305329084
1.4032675270720971,3.7402806229367425
1.4036467502545753,3.768854879786962
1.4040158490233525,3.7974779228710593
1.4043468274479156,3.823864695319284
1.4047285528157052,3.8551931258240333
1.4051398271992297,3.890089176724684
1.4054942059650972,3.9211715850318423
1.4058006538780536,3.9488555608321687
1.4061171432771553,3.9782789765678586
1.4064173480373996,4.007015965636389
1.4067257750983713,4.037430520728019
1.4070711771427795,4.072632415712732
1.407323386707529,4.099145739168708
1.4075755962722785,4.1263843073749715
1.407827805837028,4.154388957020884
1.4080800154017774,4.183203987486958
1.4083322249665269,4.212877636195772
1.4085004491329807,4.233172775858573
1.4086686732994345,4.253889921085278
1.4088368974658882,4.275046985233129
1.409005121632342,4.296662969664738
1.4091733457987958,4.318758204687443
1.4093415699652496,4.3413543417575795
1.4094810182904636,4.360481540897499
1.4096581003637816,4.385312120920179
1.4097983476390388,4.405425994597331
1.409938594914296,4.425953973456199
1.4100788421895531,4.446913613029833
1.4102190894648103,4.468323377841444
1.4103593367400675,4.490202760136231
1.4104703957435365,4.507875596739552
1.4105814547470055,4.525867351545451
1.4106925137504744,4.544189657100423
1.4108035727539434,4.562854766518874
1.4109146317574124,4.581875973276869
1.4110164075654192,4.599631697973467
1.4112167331901613,4.6355327322560544
1.4113992124963313,4.669399122585486
1.4115336399723526,4.695103129955104
1.411668067448374,4.721487100153307
1.4117579227270167,4.7395201164313665
1.411831041321892,4.754438693953246
1.4119041599167672,4.769583665931263
1.4119772785116425,4.784961933538932
1.4120503971065177,4.800581054327241
1.4121068439359694,4.812808392968144
1.4121632907654211,4.825187389640324
1.4122197375948728,4.837721815159814
1.4122741759390283,4.849961249160236
1.4123138269529316,4.858971431021499
1.4123519968212195,4.867722614578285
1.4123901666895073,4.876551230269149
1.4124283365577952,4.88545868450359
1.412466506426083,4.894446309621464
1.412504676294371,4.90351558802951
1.4125673624704413,4.918591217111744
1.412654831361069,4.940014827801153
1.4127423002516966,4.961908307199458
1.412789682030731,4.973971346649394
1.4128370638097656,4.986181954564424
1.4128844455888,4.998543820967991
1.4129318273678346,5.011060820298516
1.4129792091468691,5.0237368456332145
1.4130180281319573,5.034243273121402
1.413042009774925,5.04078960669463
1.413063860724036,5.046791934706689
1.413085711673147,5.052830550173345
1.413106412633794,5.058585298894778
1.413127113594441,5.064373364194348
1.413147814555088,5.0701951377290335
1.4131754328183423,5.078015488356282
1.4132200528308045,5.090780862852578
1.4132563594777123,5.101289631642423
1.413297847741001,5.113435182620043
1.413339087116867,5.12565594385659
1.4134000400479794,5.143996869210514
1.4134609929790918,5.162680745417842
1.4134872391245175,5.170834861231586
1.413503098385578,5.175794428553779
1.4135189576466387,5.180778722940228
1.4135348169076993,5.185787971966891
1.41355067616876,5.190822478285409
1.4135665354298206,5.195882515138927
1.4135785852448957,5.19974438261665
1.4135906350599707,5.203621272798595
1.4136026848750458,5.207513272660761
1.4136147346901209,5.2114204925419765
1.4136252463300916,5.214841495967586
1.4136357579700622,5.218274221561143
1.4136541084570975,5.224295213568661
1.413667924538527,5.228852460042842
1.4136809783438855,5.233177447585189
1.413694032149244,5.237521219634196
1.4137070859546024,5.24188393413066
1.4137201397599608,5.246265768112339
1.4137331935653192,5.25066689560718
1.4137463511899975,5.255122738514333
1.4137690851183875,5.262868742032766
1.413785934252448,5.268648689567898
1.4138027833865083,5.274462308735418
1.4138186956815526,5.279983893573743
1.4138346079765969,5.285536137801424
1.4138505202716412,5.291119420962173
1.4138637486122292,5.295784891836781
1.413882206036319,5.302331240570071
1.4138977307406253,5.3078708716917244
1.4139132554449316,5.3134413324603615
1.413928780149238,5.319042990828707
1.413942159186261,5.323895823569964
1.4139555382232842,5.3287723593000935
1.4139680795321032,5.333365218998623
1.4139784326185982,5.337172703508039
1.4139935706269529,5.342766134680028
1.414010584248903,5.349090245574735
1.4140251606845788,5.3545404274180335
1.4140400792204593,5.360149487449145
1.414090833257007,5.379471926392815
1.4141428326679057,5.399664107492202
1.4141691244347434,5.410030765335544
1.4141834934697681,5.415742145484545
1.4141923248545452,5.419268665304707
1.4142011562393222,5.422807676119313
1.4142099876240992,5.426359257395147
1.4142186208019631,5.429843403230542
1.4142259831826889,5.432824342714783
1.4142333455634146,5.435814209371794
1.414242949939337,5.439728005760324
1.4142545173468777,5.444462248778018
1.4142644000365716,5.448524819709377
1.4142735755821132,5.452311546271482
1.4142848680983626,5.456991723651832
1.4142943432239086,5.460935689024435
1.4143027310470757,5.464440107796179
1.4143110588397672,5.467931609695884
1.4143193866324586,5.471435362715798
1.41432771442515,5.474951440780703
1.4143361706384192,5.478534430091384
1.414343754672381,5.481758813968572
1.414351079110996,5.484882729043731
1.4143584035496108,5.4880164514045875
1.4143648347574391,5.490776125691341
1.4143712659652674,5.493543436973749
1.4143776971730957,5.4963184317104705
1.4143901031889194,5.501693313417664
1.4144015654328785,5.506685137869423
1.4144113449316447,5.5109639529298
1.414419806601079,5.5146810004942575
1.414435566963456,5.521641360464727
1.4144464525253502,5.526477162861968
1.4144541323649216,5.529902988721778
1.4144616393184313,5.533263048420673
1.4144687989100155,5.5364781701603265
1.4144752591286154,5.5393881278515416
1.4144817193472152,5.54230656752056
1.414488179565815,5.545233540802063
1.4144958316193186,5.548711621814393
1.4145135044596238,5.556790984695882
1.4145232678559811,5.561282618194393
1.4145327364117894,5.565658025297442
1.414541666660719,5.569802283539638
1.4145491791064237,5.573301946794919
1.4145548564881794,5.57595490753135
1.4145587993451954,5.577801504748759
1.4145627422022113,5.579651522445214
1.4145666850592273,5.5815049669176675
1.4145706279162433,5.583361852790027
1.4145743368532144,5.585111743312803
1.4145780457901855,5.586864695671953
1.4145832741180464,5.589341014356254
1.4145908244241183,5.592927973848056
1.414600313272259,5.597454238685775
1.4146095141785946,5.601862876161691
1.4146281682055577,5.610861186494176
1.4146433675750878,5.6182534558643145
1.4146513310076603,5.622148403208959
1.4146592944402328,5.626058587940552
1.4146648500316068,5.628795579365897
1.4146704056229809,5.631540082553029
1.414675961214355,5.634292128326659
1.414681516805729,5.637051746592499
1.414687072397103,5.6398189794392675
1.414692627988477,5.642593876937492
1.4146988340733626,5.645702822190762
1.4147056301620904,5.64911852581094
1.414711717726762,5.652188065247222
1.4147167793968811,5.654747526266636
1.4147218410670002,5.657313578252942
1.4147269027371192,5.659886245408637
1.414731015846952,5.661981678084807
1.41473737381305,5.665229436227539
1.4147431439012,5.668186047621725
1.4147580992219526,5.675889954158128
1.414765962489629,5.6799645222583885
1.414772387701126,5.683306349109065
1.4147765301511601,5.685466786501397
1.414780110134511,5.687337650234429
1.4147836901178619,5.689212017786992
1.4147872701012127,5.691089902378479
1.414790322836713,5.692694006356986
1.4147929566615811,5.6940800581889714
1.4147958118343262,5.695584763374415
1.4147998097224763,5.6976954873933705
1.4148045920972547,5.7002262269891295
1.4148098264471074,5.703003507092015
1.4148178667091997,5.707284718270414
1.4148258021265252,5.711528135266486
1.414833886642609,5.7158699607110215
1.414839538291793,5.718916472135378
1.414842208015093,5.720358827174351
1.414844877738393,5.721803274955089
1.414847547461693,5.7232498188398475
1.414850217184993,5.724698463962878
1.414852886908293,5.7261492072135765
1.414855556631593,5.727602054480233
1.4148600173681818,5.730034278446614
1.4148674130860883,5.734079842140437
1.4148775717879865,5.739663609389382
1.4148863334738275,5.744504584749244
1.4148986921578595,5.7513728118172684
1.4149031926059439,5.753885588151878
1.4149061706095671,5.755551799767431
1.4149090110006157,5.75714361561159
1.414911348533603,5.758455526058046
1.41491368606659,5.759769160117688
1.4149160235995772,5.761084531251239
1.4149180186898955,5.762208578471508
1.4149202332760529,5.763457778753483
1.414922930009558,5.764981062668995
1.414927458940917,5.76754447900747
1.414931154716811,5.769641217996099
1.4149360633485835,5.772432862535321
1.4149436401368887,5.776757263508734
1.414950527844756,5.780704643494401
1.4149540369704536,5.782721723875105
1.4149575460961512,5.784742893695021
1.4149610552218488,5.786768137846241
1.4149641202714076,5.788540451775164
1.4149671853209664,5.790315900210515
1.41497002675076,5.791964625635346
1.414972948270643,5.793662677453704
1.4149754902884997,5.795142503985562
1.4149780323063563,5.79662452069587
1.4149803380566337,5.797970695596936
1.414982643806911,5.79931869014741
1.4149849495571885,5.800668499069798
1.4149869724034383,5.801854193974151
1.4149958503668556,5.807074725859951
1.4150024983122633,5.811001950907156
1.415006787782308,5.813544098184852
1.415010140963185,5.815535857839246
1.415013494144062,5.817531598000842
1.4150166084090454,5.819388730261448
1.4150197226740289,5.821249315548275
1.4150226258533372,5.822986912938727
1.4150255290326454,5.824727532262875
1.4150311947537955,5.828133202040231
1.4150369453654676,5.8316018930396805
1.4150436561623143,5.8356650803887975
1.4150474763349243,5.8379854982031745
1.4150512965075344,5.840311300876677
1.4150551166801444,5.8426425395866115
1.4150582493556376,5.844558310684144
1.4150613820311309,5.84647775412309
1.4150639032076315,5.8480252050862935
1.4150675757570588,5.850283671662122
1.4150720574677769,5.853046697166772
1.4150807912830934,5.85845331957954
1.4150859744563657,5.861675797993894
1.415091157629638,5.8649087800582596
1.4150938313710872,5.866580601537316
1.4150960889847148,5.8679944100470465
1.4150980760226217,5.869240443512796
1.4151000630605286,5.870488030296229
1.4151020500984355,5.87173716500442
1.4151036831252726,5.872764913940005
1.415105218415092,5.873732111330254
1.4151072288785658,5.875000080907353
1.4151096835699946,5.876550415650748
1.4151130524515507,5.878682053132648
1.4151169271694348,5.881139348137276
1.4151194290546656,5.882729210090319
1.4151219309398964,5.884321606579787
1.4151244328251271,5.885916543788039
1.4151269347103579,5.887514048790012
1.4151289501364495,5.888802800021163
1.415130965562541,5.890093219850451
1.4151327564848513,5.891241289339262
1.4151357613881033,5.893170533270457
1.4151383360080774,5.89482648337578
1.4151412138836095,5.89668076441212
1.415143002095843,5.8978346713388925
1.4151447903080767,5.898989912868721
1.41514640143172,5.900031895477444
1.4151480125553635,5.901074973275647
1.4151496236790069,5.902119137915147
1.4151512348026503,5.9031643913996135
1.4151542230749272,5.905105987065073
1.4151573258406391,5.907125952131564
1.4151600155695194,5.908880332926796
1.4151626617024453,5.9106093122117604
1.4151653078353712,5.912341284873575
1.415167953968297,5.914076237401362
1.4151700718391163,5.91546700366255
1.4151731855244185,5.9175152431088165
1.4151762992097208,5.919567711650715
1.4151789500775933,5.921318425727804
1.4151815226028652,5.923020349717937
1.4151840951281371,5.9247251716324545
1.4151865298935662,5.926341382356341
1.4151890899293271,5.9280435733378125
1.4151935622844614,5.931024216245405
1.4151980379775475,5.934015996135642
1.4152023901647206,5.936933792022426
1.4152067423518937,5.939860081052246
1.4152095119965657,5.941726799015786
1.4152122816412378,5.943597015841128
1.4152145471597195,5.945129450034645
1.415216679611398,5.946574028088182
1.4152188120630766,5.94802068696265
1.4152207485600148,5.949336222324881
1.415222698040864,5.95066233495896
1.415224485951163,5.9518801032866975
1.4152260627777773,5.952955333899257
1.4152276396043917,5.954031731020525
1.4152290421601466,5.9549901466671225
1.4152304447159014,5.955949483894296
1.4152318472716563,5.9569097473417685
1.4152332498274112,5.957870932309944
1.415234592494512,5.958791941916211
1.4152358179229834,5.959633273151137
1.415237490292473,5.960782591962996
1.415239343133693,5.962057481117993
1.4152420335725142,5.963911622549388
1.415243754300335,5.965099291506697
1.4152450189140122,5.965973048646286
1.4152462835276893,5.966847568650474
1.4152475078040354,5.967694933887554
1.4152487320803815,5.96854302246066
1.4152499563567276,5.9693918369654515
1.4152511806330736,5.970241368538333
1.4152523767851983,5.971072085948582
1.4152534471458271,5.971816024394998
1.4152547448857042,5.972718742272349
1.4152562551852799,5.973770349847628
1.4152575789039725,5.974692960927727
1.41526041217049,5.976670558743866
1.4152627689711872,5.978318560231214
1.4152660773533032,5.980636573029618
1.4152682812421442,5.982183714451255
1.4152704121822655,5.983681916505305
1.415272203363068,5.984942994160967
1.4152739945438706,5.986205656276475
1.4152757857246732,5.987469919981322
1.4152775769054757,5.9887357893611135
1.4152816581668106,5.991626104837686
1.4152849309679636,5.993949976030026
1.415287898422049,5.996061716016892
1.4152905350430485,5.997941752231901
1.4152934536671282,6.0000269804729145
1.415296372291208,6.002116567787963
1.4152990912762922,6.004067153759477
1.4153018102613764,6.0060215503601775
1.4153045292464606,6.007979782977353
1.4153072482315447,6.009941869359486
1.4153099983469821,6.011930327451932
1.4153127445882103,6.013919931816538
1.4153157195398545,6.016079704763603
1.4153182098772161,6.0178912773691335
1.4153199945612795,6.019191554228475
1.415321779245343,6.020493520143853
1.4153235639294064,6.021797166605461
1.415325207794137,6.02299946440393
1.4153268516588675,6.024203213348106
1.4153283495244526,6.025301327993745
1.4153297463863446,6.026326470632837
1.4153318155254866,6.027846932476474
1.4153336696741463,6.029211370745623
1.4153357279613172,6.030728225890633
1.4153379904029932,6.0323981839681196
1.4153400543656693,6.0339240493756545
1.415341753752618,6.035182147150064
1.4153430904974207,6.0361728859762405
1.4153444272422233,6.037164608921171
1.415345763987026,6.038157317310372
1.4153471007318286,6.039151009536463
1.4153484374766312,6.0401456956213275
1.4153497742214338,6.041141374416466
1.415351356699159,6.0423213718705036
1.415354123073165,6.044387484843414
1.4153553572293447,6.045310603691595
1.4153565913855244,6.046234572514223
1.415357825541704,6.047159397410011
1.4153588900221876,6.047957754880027
1.4153599545026712,6.0487567536676
1.4153610189831547,6.049556388513469
1.4153632296116179,6.0512190269325545
1.4153652802179413,6.052763758315822
1.415367584355283,6.054502299549321
1.415369888492625,6.056243854031244
1.415371852472761,6.05773070859675
1.415373816452897,6.059219779238096
1.4153752716238228,6.060324501058215
1.4153767267947486,6.061430441895537
1.415377957272124,6.06236658275682
1.4153789690447398,6.063136996393977
1.4153799808173557,6.063908011498742
1.4153809746636044,6.064665950921461
1.4153827552908897,6.066025360054799
1.4153844586953341,6.067327535873434
1.4153875170110983,6.069669724834637
1.4153912460818656,6.072533039236013
1.4153933102354612,6.074121519782491
1.41539430144241,6.074885208418728
1.4153952926493587,6.075649481488473
1.4153962838563074,6.07641433536886
1.4153972182438812,6.0771358841869345
1.415398152631455,6.077857952852685
1.4153990870190287,6.078580545244136
1.415401819388698,6.080696597456146
1.4154046017871078,6.082856033139913
1.4154069577316075,6.084688175929535
1.4154093136761072,6.086523692089384
1.415411039247648,6.087870201839054
1.4154125015533945,6.089012706223099
1.415413963859141,6.090156524250606
1.415414838456271,6.090841266772136
1.4154156380068743,6.091467665411593
1.4154164375574776,6.092094454072596
1.4154172371080809,6.092721634766466
1.4154180366586842,6.0933492089788475
1.4154188362092874,6.093977180060728
1.4154198206922433,6.094750941564314
1.4154211728386141,6.095814649246073
1.4154224200192962,6.096796787409541
1.4154255307317567,6.099250643664401
1.4154280801131245,6.1012662435900165
1.415430375533799,6.1030845280625226
1.4154314687925618,6.103951701773258
1.415432502533235,6.1047723606195055
1.4154335362739083,6.105593693374521
1.4154345700145816,6.10641569788821
1.415435603755255,6.107238380314152
1.4154366374959282,6.108061739335085
1.415439776438251,6.110565990614154
1.4154416323256886,6.112049579680529
1.415443287932473,6.113374926463842
1.415444806472013,6.114592100413444
1.4154462348987975,6.115738404241234
1.415447663325582,6.11688603716879
1.4154490917523663,6.118034989904079
1.4154504067235512,6.119093851422597
1.4154519353451909,6.120326157327981
1.4154543301116145,6.122259802487436
1.4154559437410654,6.123564852679172
1.4154575573705164,6.124871629678562
1.4154591709999673,6.126180120624838
1.4154607846294183,6.127490333376062
1.4154623982588692,6.128802275205647
1.4154640118883202,6.130115921335534
1.4154656123866436,6.131420572106106
1.4154669062141725,6.132476476040815
1.4154679756885968,6.133350128012276
1.4154690451630212,6.134224537436962
1.4154701146374455,6.135099713990731
1.41547118411187,6.135975667677565
1.4154718799830452,6.136546036127124
1.4154725439491067,6.137090552918228
1.4154732079151682,6.137635366073406
1.4154738718812296,6.138180475618807
1.415474535847291,6.13872588353664
1.4154751998133526,6.139271590023321
1.415475796821802,6.13976251617186
1.4154768349260305,6.140616736890214
1.4154779430402407,6.141529373398056
1.4154789388791502,6.142350251396531
1.4154797860550106,6.143049118939529
1.4154805985319727,6.143719830269191
1.4154814110089349,6.144390993882986
1.415482223485897,6.145062611371052
1.4154829809320828,6.145689147562542
1.4154843772154841,6.146845154306826
1.4154868141692183,6.148865992266791
1.4154892511229524,6.150890893116491
1.4154900847720293,6.15158451644274
1.4154909184211062,6.152278618005818
1.415491752070183,6.152973198835579
1.41549258571926,6.153668272038337
1.4154934193683368,6.154363824871716
1.4154942530174137,6.155059857001565
1.4154972008518136,6.157524964073117
1.4154990167414958,6.1590464966830245
1.415500807130887,6.160548901660429
1.4155025975202782,6.1620535536491765
1.415504253388362,6.163447170646791
1.4155054399979035,6.164447047317255
1.415506544964531,6.1653790292622315
1.4155076499311585,6.166311878309685
1.415508754897786,6.167245602195032
1.4155098598644136,6.16818020445597
1.415510964831041,6.1691156742318265
1.4155118566101446,6.169871293983327
1.4155129812727827,6.1708250467118
1.4155140460592803,6.171728858338703
1.415514917686887,6.1724693177056675
1.4155157634911573,6.173188361606707
1.415516698374042,6.173983739928704
1.4155174406564992,6.174615706153569
1.4155181829389565,6.175248073307661
1.415518863939025,6.175828592892983
1.4155195211878022,6.176389188581627
1.4155201784365794,6.176950098614166
1.4155208356853566,6.177511320830265
1.4155218979493958,6.1784190487670605
1.4155227806041188,6.179173920665226
1.415523928427075,6.180156420080444
1.4155249835684578,6.181060432859871
1.415526157924831,6.182067540844052
1.4155273322812043,6.183075652253455
1.4155283540386383,6.183953590599217
1.4155291813378903,6.184665005349572
1.4155300086371423,6.185376923621297
1.4155307242091586,6.185993114217462
1.415531462867607,6.186629583610375
1.4155322934833194,6.187345772828142
1.415533108666652,6.188049155983773
1.4155341469339595,6.188945752792729
1.4155350732554965,6.189746356909644
1.415535926351154,6.190484233746287
1.4155371679815918,6.191559133679536
1.4155381131577578,6.192378164007086
1.4155390583339238,6.193197873865777
1.4155400035100898,6.1940182703227045
1.4155409486862558,6.1948393338453185
1.4155418938624218,6.195661073828096
1.4155428390385878,6.1964834837609795
1.4155439211621892,6.1974258854372755
1.4155450032857906,6.198369170303862
1.415545969929213,6.199212540121593
1.4155469365726354,6.200056622691365
1.4155479032160578,6.200901418263175
1.4155488698594803,6.201746926238233
1.4155504702443886,6.203148339880447
1.4155524824787538,6.204913211301827
1.4155558473435195,6.20787146705531
1.415556854403692,6.208758564843502
1.4155577867462779,6.2095805486691455
1.4155587190888637,6.210403206701749
1.4155596514314495,6.211226537136134
1.4155605837740353,6.212050547621959
1.415561516116621,6.212875242303086
1.4155623581732184,6.213620661355383
1.4155635087518543,6.214640096795633
1.4155642459634747,6.215293832407653
1.4155649831750952,6.2159480087210355
1.415565626900043,6.216519580253415
1.4155662706249907,6.217091480940017
1.4155669143499385,6.217663712870367
1.4155675580748863,6.218236270080532
1.415568096030853,6.218715000951562
1.4155688454313609,6.21938228012298
1.415569517596165,6.2199811698105005
1.4155703802904012,6.220750344364431
1.4155715657186025,6.221808223127059
1.415572644226013,6.22277166135001
1.4155738469188162,6.223847126484482
1.4155748265360555,6.224723978921018
1.4155759874500122,6.225764105104189
1.415577148363969,6.226805313531747
1.4155783092779257,6.227847597943919
1.415579312432448,6.228749132240522
1.4155803155869704,6.229651490342465
1.4155813187414927,6.2305546743305875
1.415582376699679,6.231508090831564
1.4155840362471368,6.233005493640827
1.4155853700697343,6.23421061438314
1.4155866379903124,6.23535752933208
1.4155878570098248,6.236461435389323
1.4155889355345381,6.237439115758297
1.4155917799514934,6.2400221726002645
1.4155927177176604,6.240875246403764
1.4155936554838273,6.241729055285838
1.4155945932499943,6.242583597240636
1.4155955310161612,6.243438868564799
1.4155963245832035,6.244163198758509
1.4155971181502458,6.244888061099937
1.4155978440225034,6.245551553823961
1.4155988838248283,6.246502762860406
1.4156005688259572,6.248046122718288
1.415601493124041,6.248893734312672
1.4156023621064353,6.249691278994639
1.4156032310888296,6.250489466728055
1.4156040600043736,6.251251446591876
1.4156048889199175,6.252014001878205
1.4156055925571098,6.252661765213808
1.4156064520399099,6.2534535725915905
1.4156072518562928,6.254190975210767
1.415608081807915,6.2549567344506105
1.4156095249000669,6.256289611121881
1.4156113648136308,6.257991584462855
1.4156121712204823,6.2587384453247905
1.4156128843453184,6.259399382071055
1.4156135511171275,6.260017753708341
1.4156142178889366,6.2606365086764155
1.4156148846607457,6.261255645283044
1.4156154985594525,6.261826022392043
1.4156162296363175,6.262505690432342
1.4156169244356458,6.263152065185465
1.4156174899626897,6.263678485203213
1.4156191036642485,6.265182133887603
1.415621390831311,6.267317145760301
1.4156231141481697,6.268928823163276
1.4156248374650282,6.270543109507382
1.4156265607818868,6.272160042759311
1.4156282840987453,6.273779644986577
1.4156292433968143,6.274682364899799
1.4156298723799947,6.275274699096361
1.4156305013631751,6.275867381431627
1.4156311303463556,6.276460419145016
1.415631759329536,6.277053811889205
1.4156323883127164,6.277647555847647
1.4156330172958969,6.278241647493285
1.4156336783280086,6.2788663892802665
1.4156345987609498,6.279736945803305
1.4156353422524033,6.280440700905445
1.415636808317294,6.281829846268193
1.4156378762409683,6.282842962196123
1.4156389441646424,6.283857115911217
1.4156400120883166,6.28487229468835
1.4156410800119907,6.285888508049176
1.415642147935665,6.286905751437373
1.4156429663501588,6.287686025267514
1.4156437847646528,6.288466911434697
1.4156446031791468,6.289248413876132
1.4156454215936407,6.290030523090249
1.4156462400081347,6.290813253169295
1.4156470584226286,6.291596598515276
1.4156480294030802,6.292526761145894
1.4156489483389596,6.29340784937308
1.4156497192141906,6.294147584299945
1.4156504710258633,6.294869555290696
1.4156511707103618,6.2955419385953855
1.4156518703948604,6.29621478035946
1.415652570079359,6.2968880664943265
1.4156531637955903,6.297459737022525
1.4156535511175143,6.297832854463464
1.4156539384394384,6.298206112807963
1.4156543257613625,6.2985795099348065
1.4156547130832866,6.298953047535316
1.4156551004052107,6.299326725317282
1.4156554877271348,6.299700541676374
1.4156562286072734,6.300415978458243
1.4156571361244992,6.301293026860306
1.4156586949018568,6.302801267574543
1.415660258451483,6.304316401487677
1.4156614597467327,6.305482059849623
1.4156626610419825,6.306649086377299
1.4156636703324508,6.307630637664153
1.4156646410979503,6.308575630886189
1.4156655985622775,6.3095085448552455
1.4156665560266046,6.310442335080766
1.4156679960086715,6.311848360665372
1.4156692303432428,6.3130551596309585
1.4156701481810516,6.313953467964293
1.4156707475133958,6.314540482093568
1.41567134684574,6.31512784010127
1.4156719461780842,6.315715540744301
1.4156725455104284,6.31630358285512
1.4156731448427726,6.31689196739087
1.4156737441751168,6.317480699870794
1.4156747364924243,6.318456231674452
1.4156755539810018,6.319260610125316
1.4156763171436275,6.3200121277606875
1.4156787053567217,6.322367553484693
1.415680950120159,6.324586562866676
1.4156817173799345,6.325346125709092
1.41568248463971,6.326106264211886
1.4156832518994855,6.32686696769952
1.4156839041881455,6.327514143802259
1.4156845564768055,6.328161736602256
1.4156852087654654,6.32880974339927
1.4156858769035765,6.329473930020626
1.4156866051048336,6.330198318924223
1.41568727496909,6.3308651319993805
1.4156879546645944,6.331542184093444
1.4156885035413975,6.332089266186385
1.415689031569738,6.332615850927998
1.4156899611673288,6.333543582704539
1.4156908445814396,6.334426024180566
1.415691748089702,6.335329346315701
1.4156926515979644,6.33623348604496
1.415693408300457,6.336991345650836
1.4156941650029498,6.337749782327854
1.4156947959242137,6.33838258691322
1.4156954268454776,6.339015797767428
1.4156959691293345,6.339560370266437
1.4156968087303798,6.340404103834038
1.4156976239552606,6.341224021267742
1.4156984391801413,6.342044611908377
1.415699254405022,6.3428658775174105
1.4157000696299027,6.343687819111843
1.4157008029959515,6.34442781641626
1.4157015363620002,6.345168362676424
1.415702286440889,6.345926349869708
1.4157029532295862,6.346600653628498
1.4157039175727948,6.347576683228546
1.4157047549764588,6.348425001985428
1.4157059187594365,6.349605147585831
1.4157066264726932,6.35032348418132
1.41570717747286,6.35088311277058
1.4157077284730268,6.3514430513677205
1.4157082172841327,6.351940056929137
1.4157086142367572,6.352343844936131
1.4157090111893817,6.352747794489425
1.41570936163632,6.353104553899232
1.415709757832831,6.353508043562887
1.415710102060177,6.353858741233932
1.4157104278803132,6.354190800044313
1.4157107944971319,6.354564568865044
1.415711389459357,6.355171434325463
1.415712035662928,6.355830990239487
1.4157125742917471,6.356381074976423
1.4157130423983104,6.356859384037506
1.4157136062076119,6.357435788590051
1.4157145475067245,6.358398854518723
1.4157152103119492,6.359077542354603
1.4157157644090244,6.359645267353857
1.4157162302591488,6.360122823771549
1.4157166414123186,6.3605445019574915
1.4157170525654883,6.3609663572775075
1.4157174164662565,6.361339879770979
1.4157181033950752,6.362045353326885
1.4157187623728944,6.362722595382205
1.4157196122755258,6.363596722323238
1.4157207943305727,6.3648137441550965
1.4157219763856197,6.366032228922524
1.4157225764844568,6.366651399364689
1.4157231765832938,6.367270953355785
1.415723776682131,6.367890888551087
1.415724376780968,6.368511204015324
1.415724976879805,6.36913190608955
1.415725576978642,6.369752995112823
1.4157263989266937,6.37060431587851
1.4157271361796042,6.371368531635295
1.4157277377694482,6.371992561244139
1.415728302215333,6.3725784251185695
1.4157287953441298,6.373090548275039
1.4157291995081531,6.373510476906864
1.4157296036721765,6.373930585217121
1.4157299924617877,6.374334880604344
1.415730731080339,6.3751034152686605
1.415731466235302,6.3758689254354906
1.415732223300362,6.376657855141338
1.415732980365422,6.377447405278328
1.4157337225178712,6.378222000544676
1.4157343222931809,6.378848432896885
1.4157349220684905,6.379475260295364
1.4157355218438001,6.3801024716202965
1.4157361674831839,6.380778085640587
1.4157371268937997,6.381782873824635
1.4157378238134626,6.3825133911022895
1.4157384613016242,6.383182074759312
1.4157390987897858,6.383851209904808
1.4157397362779474,6.384520792446847
1.4157402862996904,6.38509886164273
1.415740790905649,6.385629493665602
1.4157416120013704,6.386493547496147
1.4157424229632876,6.3873476885636125
1.415743090984245,6.388051810821309
1.415743952451434,6.388960556146824
1.4157447464186443,6.389798823348157
1.4157453981784758,6.390487463564305
1.4157462073799991,6.391343122999648
1.415746910758466,6.3920874770106435
1.4157476317476465,6.392851048887908
1.4157482337039256,6.393489008883975
1.4157487802622588,6.3940686094019465
1.415749326820592,6.394648541778739
1.4157498733789253,6.395228812738649
1.4157502405999312,6.395618874269934
1.4157505386459748,6.395935570928838
1.4157508366920184,6.39625236740498
1.415751134738062,6.396569266363559
1.4157514327841056,6.39688626350801
1.4157517308301493,6.397203360829954
1.4157521134127848,6.397610545592644
1.4157524718445462,6.397992178352757
1.4157532339012417,6.3988040461160125
1.41575363695777,6.39923371237231
1.4157539785979047,6.3995980535241745
1.4157543202380396,6.399962529219538
1.4157546518191881,6.400316398133574
1.4157549834003367,6.400670392534279
1.4157553149814852,6.401024513523788
1.415755867521425,6.4016148878494645
1.4157564290023075,6.402215170614619
1.4157579629433812,6.403856953174985
1.415758755652556,6.404706450150186
1.415759510948836,6.405516526824367
1.4157600411464668,6.406085573801505
1.4157605335486572,6.406614342706416
1.4157609225786472,6.407032301395415
1.4157612982192223,6.407436039365389
1.4157616738597973,6.407839940052368
1.4157620495003724,6.408244006129514
1.4157624251409475,6.408648232031131
1.4157627726143638,6.409022293170514
1.4157632251977457,6.409509711432816
1.4157637486906742,6.410073795237687
1.4157645589132881,6.410947459772334
1.4157653069719631,6.4117547659563385
1.415766034069406,6.412540072717664
1.4157666751067175,6.413232941827902
1.415767316144029,6.413926292614694
1.4157679571813404,6.4146201251545145
1.4157685638228144,6.415277175817548
1.4157692124227,6.415980153778349
1.4157699807151072,6.4168135053739865
1.4157706448788991,6.417534462785298
1.41577156515242,6.418534293229895
1.4157726311970968,6.4196937436013295
1.415773342215711,6.420467797436273
1.4157738459141493,6.4210165094566305
1.4157742423897572,6.4214486248095755
1.4157745721995882,6.421808225646925
1.4157749020094192,6.422167952248798
1.4157752318192502,6.422527810842366
1.4157755222333164,6.422844793883224
1.4157758126473825,6.42316187840576
1.4157763063760627,6.423701176038113
1.4157767825236214,6.424221541496632
1.4157773648019654,6.4248582541761055
1.4157778656145257,6.425406207426299
1.4157783629845817,6.425950695969773
1.4157791458110511,6.426808301076851
1.4157795581548869,6.427260332409812
1.4157799704987226,6.427712572655137
1.4157803322363847,6.428109481263114
1.4157805982745633,6.428401485850201
1.4157808643127419,6.428693577802576
1.4157811303509205,6.42898575542592
1.415781396389099,6.429278017588724
1.4157816624272777,6.429570366199884
1.4157819284654563,6.429862800464037
1.4157821606140635,6.430118052531019
1.4157824374746084,6.430422549738898
1.4157826984254938,6.430709633160749
1.415783057983492,6.431105334931415
1.4157835475993747,6.431644417623666
1.4157843325230246,6.432509267591122
1.415785017839863,6.433264979556783
1.4157856041888017,6.433912012302994
1.4157860031935405,6.434352551828642
1.415786378116606,6.434766679112796
1.415786737075696,6.435163334568083
1.415787096034786,6.435560148801652
1.415787454993876,6.43595712036644
1.4157877826701821,6.436319636190327
1.4157881142975526,6.436686656757644
1.4157884787156088,6.437090120554241
1.4157889318575572,6.437592038714376
1.4157893085759616,6.438009498260636
1.415789880129697,6.438643193162387
1.4157904191745734,6.439241219451236
1.4157909582194497,6.439839600672793
1.415791497264326,6.440438342214163
1.4157920363092023,6.441037440346322
1.4157924979974392,6.441550845856484
1.4157929596856762,6.442064513491321
1.4157934319041554,6.442590172928381
1.415794272610048,6.443526727160922
1.4157950272524105,6.444368156457397
1.4157957818947728,6.445210304831949
1.415796523171489,6.44603822732143
1.4157970611004265,6.44663946560333
1.4157975990293639,6.447241069842168
1.4157980435609734,6.447738497079314
1.415798323210112,6.44805155007267
1.4157986028592504,6.4483647032679405
1.4157988484159139,6.4486397603181675
1.4157990939725773,6.448914894277157
1.4157993395292408,6.449190103323411
1.4157995850859042,6.449465389446414
1.4158000596062579,6.449997579251289
1.4158004459810996,6.45043112118411
1.4158008288489061,6.450860914103385
1.4158012096422374,6.45128855962244
1.4158015904355687,6.451716385641817
1.4158019712289,6.452144394980355
1.4158023520222314,6.452572591102615
1.4158026743951233,6.452935238629148
1.4158029967680152,6.453298018708719
1.415803300358205,6.453639784757625
1.4158036013136075,6.4539786970446045
1.41580390226901,6.454317723501172
1.4158042032244127,6.454656864979055
1.415804587577474,6.4550901533946705
1.4158049234928574,6.45546899283385
1.4158052452085583,6.455831950119069
1.4158055669242593,6.45619503926149
1.415805860715298,6.456526727832071
1.4158061545063365,6.456858525049602
1.4158064482973751,6.457190432842821
1.4158068038678595,6.457592283493637
1.4158071407975532,6.457973211596331
1.4158075164400972,6.458398079538937
1.4158079271529553,6.458862823350228
1.4158085475309665,6.459565223042767
1.4158091679089777,6.46026810790579
1.415809788286989,6.460971492740968
1.4158103160400173,6.461570263065799
1.4158108437930457,6.4621693949478525
1.415811215540142,6.462591636334674
1.4158115872872385,6.4630140576491195
1.415811959034335,6.46343665715756
1.4158123307814314,6.463859440422024
1.4158127025285279,6.464282402946088
1.4158130742756243,6.464705546637073
1.4158134329813297,6.465114015567519
1.4158138621445464,6.46560293715586
1.4158142889843963,6.466089448332358
1.4158147415549474,6.466605545404927
1.4158152478664143,6.467183240110761
1.4158158244850778,6.467841554307211
1.4158179071574777,6.4702228647805855
1.4158189292540806,6.471393621067618
1.4158195985741817,6.4721610387409285
1.4158202322968207,6.472888181792159
1.4158208660194598,6.473615860081541
1.415821269120343,6.474079012978087
1.415821672221226,6.474542386083988
1.4158220753221091,6.475005973747041
1.4158224784229922,6.475469775116199
1.4158228507298174,6.475898340098948
1.4158231578224563,6.476251972891469
1.4158235260485703,6.4766761631476175
1.415823905697734,6.47711370212203
1.415824458410365,6.477751044026261
1.415824960379082,6.478330230473395
1.415825500142142,6.4789534090366905
1.4158260430145586,6.479580564822747
1.4158267920001923,6.480446471712962
1.4158274195248084,6.481172534678964
1.4158279767985107,6.481817749852269
1.4158284260983696,6.4823382586397145
1.4158289991927688,6.483002579271713
1.4158295037922286,6.483587867130184
1.415830062674201,6.484236515012437
1.4158307614281302,6.485048107037836
1.4158313448913225,6.485726295023714
1.41583187185976,6.486339217245622
1.4158326457614012,6.487240044610426
1.4158333866571668,6.48810320593896
1.415833930816671,6.488737642278401
1.415834474976175,6.4893724779062385
1.4158349759670346,6.4899573027540685
1.4158353484123138,6.490392291092982
1.4158357208575931,6.490827470236837
1.4158360933028724,6.491262840056142
1.4158363646799739,6.491580181192964
1.4158366360570753,6.491897623243703
1.4158369074341768,6.492215169462355
1.4158371788112782,6.492532815632924
1.4158374501883797,6.4928505614195915
1.4158377215654812,6.49316840786878
1.4158383734173046,6.493932287946038
1.415838969280377,6.494631077502808
1.4158395651434494,6.4953303467553125
1.415840073633906,6.4959274811686365
1.415840508785382,6.496438774563383
1.415840943936858,6.496950330122012
1.4158412974401313,6.497366095182667
1.4158418353461097,6.497999063290204
1.4158423093339756,6.498557147841647
1.4158427833218414,6.499115540472013
1.4158432573097073,6.499674249473357
1.415843539129026,6.500006589708112
1.4158438209483448,6.500339041631126
1.4158441027676636,6.500671604499899
1.4158443264983545,6.500935699135799
1.4158445226826213,6.501167335374302
1.4158447188668881,6.50139902446129
1.415844915051155,6.501630766857092
1.4158451112354218,6.5018625620377435
1.4158453074196886,6.502094411168048
1.4158456028153439,6.502443609812114
1.415846085286909,6.503014225131952
1.4158465677584742,6.5035851649811365
1.4158469949717094,6.504090988083749
1.4158474221849446,6.504597067452968
1.4158478493981799,6.505103401783874
1.415848276611415,6.505609991271891
1.4158497437154314,6.507351629113628
1.4158502150572987,6.507911817946363
1.4158506252127465,6.508399549887239
1.4158510276914975,6.508878386003932
1.4158514301702485,6.50935744991799
1.4158518326489995,6.5098367407649835
1.4158521691090045,6.510237591136407
1.4158525735099237,6.51071960016996
1.4158529517162928,6.511170596599165
1.415854659863966,6.513210066216109
1.4158565097943456,6.515423522505117
1.415857303639149,6.516374897947512
1.4158576110252779,6.516743521993357
1.4158579184114066,6.517112281692858
1.4158582257975354,6.5174811800073
1.4158585331836642,6.517850213836227
1.415858840569793,6.5182193823899635
1.4158591034211983,6.518535172153011
1.4158593358695997,6.518814517030686
1.4158597002651319,6.519252583523909
1.4158601396889718,6.519781104615778
1.4158606468243868,6.5203914185423955
1.4158611539598018,6.521002114958031
1.41586154032771,6.521467627640529
1.415861908867851,6.521911860533383
1.4158621524358608,6.522205564277433
1.4158623960038705,6.5224993555989625
1.4158626395718803,6.522793236650295
1.41586288313989,6.523087204932599
1.4158631267078998,6.523381260354367
1.4158633702759096,6.523675401024611
1.415863587739606,6.5239380895620664
1.4158638052033024,6.524200848867484
1.4158640226669987,6.524463678326132
1.4158642401306951,6.524726577383245
1.4158644575943915,6.524989546267798
1.4158646750580879,6.525252583769428
1.4158649309576303,6.525562203386497
1.4158651997650997,6.525887544980771
1.4158654698999866,6.526214598107611
1.4158657924049447,6.526605193722896
1.41586613422131,6.5270193439362165
1.4158665390890246,6.527510109290382
1.415867051632724,6.528131739710304
1.4158674876873423,6.528660896834682
1.4158681470648027,6.529461586549024
1.4158691146706497,6.530637725163752
1.4158700822764967,6.531815241758192
1.4158710498823437,6.532994177368847
1.4158720174881907,6.534174473415424
1.4158728813823465,6.535229420612667
1.4158737452765022,6.536285485400068
1.4158746191341973,6.5373548688678
1.4158756250538076,6.538587260866861
1.4158767415520208,6.539956939695255
1.4158774538954233,6.540831766277169
1.4158781659757251,6.541707021734598
1.415878878056027,6.542583043327575
1.4158795032363962,6.543352791118978
1.4158801284167655,6.5441231453939395
1.4158807535971347,6.54489407650506
1.4158815292856561,6.545851440585441
1.4158822591654234,6.5467530811874175
1.4158829643143247,6.547624947617505
1.4158833816140874,6.548141277587429
1.4158837555514538,6.548604179975679
1.4158841099724553,6.5490431196779255
1.4158843613274912,6.549354533312265
1.415884612682527,6.54966604665644
1.415884864037563,6.549977661454711
1.4158851153925989,6.55028937231873
1.4158853667476348,6.550601180193325
1.4158856181026707,6.550913086303969
1.4158860586353967,6.5514599830372005
1.4158864315846478,6.55192321529676
1.4158867615890705,6.55233328909664
1.4158870338532774,6.552671739057959
1.4158874552149847,6.553195751102537
1.4158878357308515,6.553669205232906
1.415888179240745,6.554096814616553
1.4158887976827648,6.554867130954808
1.41588934813478,6.555553266763204
1.4158898348787874,6.556160390634354
1.4158903089780432,6.556752095302165
1.4158909021042851,6.557492860265559
1.4158917563939741,6.55856078643958
1.4158924714722407,6.55945556172583
1.4158933065408217,6.560501514038031
1.4158936866272682,6.560977935863674
1.4158940667137148,6.561454588356756
1.4158944468001613,6.561931465922065
1.4158948268866078,6.562408563259389
1.4158952069730544,6.562885893396368
1.415895587059501,6.563363452160912
1.4158960946738697,6.564001591683044
1.4158963484917442,6.564320827083267
1.4158966023096187,6.564640160811833
1.4158968002372185,6.564889249413961
1.4158969981648184,6.56513839881138
1.4158971960924183,6.565387610471442
1.4158973940200181,6.565636884128331
1.415897591947618,6.5658862193827
1.4158977898752179,6.566135617418861
1.4158981535045438,6.566593969045158
1.4158985698536084,6.56711903338388
1.415898986202673,6.56764437195429
1.4158993425175759,6.568094174917972
1.4158996988324788,6.568544176697056
1.4159000551473817,6.568994377186675
1.4159003582620486,6.569377527173255
1.4159006875030338,6.569793868791245
1.4159010370232912,6.570236046959119
1.4159014273593666,6.570730090426021
1.415901817695442,6.571224375262378
1.4159022077926473,6.571718603646281
1.4159025780713559,6.57218795041888
1.4159029483500645,6.572657519318814
1.4159032095103967,6.572988846179648
1.4159034485201696,6.5732921673896
1.4159036875299424,6.573595580366247
1.4159039250489327,6.573897194070432
1.415904146319835,6.574178257140099
1.4159043675907372,6.57445939845589
1.4159046500867898,6.574818444257992
1.415904905001914,6.5751425444388785
1.4159051412471662,6.575443002078805
1.4159053276931983,6.575680188028195
1.4159055141392305,6.575917429214783
1.415905688029919,6.576138745486161
1.4159058481285254,6.576342551843431
1.4159060082271318,6.576546399653058
1.4159061683257381,6.576750288290977
1.415906582874496,6.577278420390994
1.4159070405069725,6.5778617657935525
1.415907450157628,6.578384230584816
1.4159078598082837,6.578906971828502
1.4159082694589393,6.579429983157999
1.415908679109595,6.579953263138572
1.4159090887602506,6.580476815954946
1.4159094476303906,6.580935698428827
1.4159097459987136,6.581317380760376
1.4159100339503723,6.581685873797552
1.415910321902031,6.5820545050858765
1.4159105944827257,6.58240358559072
1.4159108670634204,6.582752788008818
1.415911158610175,6.583126427326047
1.4159115035800496,6.583568716038792
1.4159117957012886,6.583943401769861
1.415912086470711,6.5843164927672175
1.4159123719761377,6.584682966933176
1.4159125643302948,6.584929947672198
1.4159127566844518,6.585176989777811
1.4159129490386089,6.585424092428641
1.415913141392766,6.585671255030412
1.415913333746923,6.585918478852472
1.41591352610108,6.586165763719025
1.4159139277742667,6.586682345924379
1.415914237557942,6.587080934436895
1.4159144920692845,6.587408526356106
1.415914746580627,6.587736228290096
1.4159149628806822,6.58801481543301
1.4159151760477695,6.588289443188356
1.4159153892148568,6.588564147653415
1.4159156803700008,6.58893947628214
1.4159159465462694,6.589282726502947
1.4159161691526503,6.589569881417905
1.4159166755721218,6.590223448692156
1.415916976648389,6.590612208815677
1.4159172777246563,6.591001122487915
1.415917527368865,6.591323712133365
1.4159177676007833,6.591634237587605
1.4159180078327016,6.5919448568673555
1.41591824806462,6.592255571859847
1.4159187258111179,6.592873777125099
1.4159192035576158,6.5934923678351725
1.4159195933309057,6.593997327092265
1.4159199397252613,6.594446298981557
1.4159201804502561,6.594758424392551
1.415920421175251,6.595070647618855
1.4159206619002458,6.59538296917246
1.4159209026252406,6.595695387312774
1.4159211433502354,6.596007902981482
1.4159213840752303,6.5963205176904545
1.4159216144190077,6.5966197447476205
1.4159218511843956,6.596927409241822
1.415922066933806,6.597207849085649
1.4159223723249499,6.59760494826321
1.4159226245274228,6.597933005516422
1.4159228470037646,6.5982224862323635
1.4159231669440768,6.5986389295050865
1.4159234672429555,6.599029961259371
1.4159239267930177,6.599628651663366
1.4159241792633828,6.599957716635908
1.4159243756235746,6.600213721375659
1.4159245719837665,6.600469792379329
1.4159247607681853,6.600716046481292
1.4159249450006284,6.600956421913376
1.415925119559167,6.601184228423237
1.4159252941177054,6.601412087416103
1.4159255657965575,6.601766826158736
1.415925830603501,6.602112711410691
1.4159262229969387,6.60262546491312
1.4159266763869731,6.603218258281801
1.4159271297770075,6.603811401139909
1.415927583167042,6.60440489682757
1.4159279177205026,6.604843057568305
1.4159282522739634,6.605281414841063
1.415928586827424,6.60571996102601
1.415928892517086,6.606120837380078
1.4159291982067481,6.606521872511873
1.41592945467289,6.606858455314297
1.4159296512332809,6.607116496686119
1.4159298477936717,6.607374603599516
1.4159300443540626,6.607632779609856
1.4159302409144534,6.607891025046731
1.4159304374748443,6.60814933667771
1.4159306327089565,6.608405970473287
1.4159309109198701,6.608771789864122
1.415931486958297,6.609529653084166
1.4159318674099877,6.610030508253036
1.415932236017716,6.61051601052911
1.4159325473183213,6.61092621862338
1.4159328586189266,6.611336591337257
1.415933158885543,6.611732575463169
1.4159334591521595,6.612128713113929
1.4159339284523882,6.61274816402777
1.415934556542283,6.613577790853935
1.415935156031685,6.614370285263797
1.4159355991553249,6.61495649158505
1.4159359211554647,6.6153826780209215
1.4159361492422726,6.615684676127726
1.4159363773290805,6.615986764085151
1.4159366054158884,6.6162889428673015
1.4159368021453613,6.616549649167583
1.4159369988748343,6.616810422237154
1.4159371677355048,6.617034306855351
1.4159373767593066,6.617311511243991
1.4159376880467651,6.617724478518307
1.415937916222931,6.6180272964481714
1.415938144399097,6.618330206705697
1.415938372575263,6.618633211529067
1.415938600751429,6.618936306648499
1.4159388085182478,6.6192123713853634
1.4159390162850667,6.619488511290454
1.4159393006389478,6.619866561634352
1.4159395528268721,6.620201967136397
1.4159398869374125,6.620646504127788
1.41594018724431,6.621046231834891
1.4159404809330347,6.621437305972887
1.415940780895788,6.621836892959211
1.4159411053466466,6.6222692845494455
1.4159413568964276,6.622604649133361
1.4159416084462086,6.622940127972257
1.4159418599959896,6.62327572311265
1.4159421115457707,6.623611429413857
1.4159423630955517,6.623947245820774
1.4159426112581786,6.624278650138635
1.4159428588159975,6.624609358236165
1.4159431508381708,6.624999611619201
1.415943602540499,6.625603560222655
1.4159438750979576,6.625968158007197
1.4159441476554162,6.626332889358271
1.4159444012447988,6.626672360039741
1.4159446548341814,6.627011946285244
1.415944908423564,6.627351646717327
1.4159451620129466,6.627691461680816
1.4159453744367443,6.627976205625712
1.415945586860542,6.6282610306926735
1.4159457992843396,6.628545937074004
1.4159460117081373,6.628830926415268
1.415946224131935,6.629115996180354
1.4159463891105586,6.629337451189749
1.4159465540891822,6.629558954412226
1.415946719067806,6.629780505191544
1.4159468840464295,6.63000210501223
1.4159470490250532,6.630223752623886
1.4159472140036768,6.630445448089127
1.4159473794159074,6.630667775306222
1.4159476709311987,6.631059712824298
1.4159479275060647,6.6314048024133685
1.4159481840809307,6.631750015031202
1.4159484406557967,6.632095347897988
1.4159486972306627,6.6324408014331855
1.4159489019588924,6.63271653298558
1.4159491066871221,6.632992342857619
1.4159493114153519,6.633268230095631
1.4159495161435816,6.633544194012065
1.4159497208718113,6.633820232414915
1.415949925600041,6.634096346045005
1.4159502327169087,6.634510694723079
1.4159507004571017,6.635142074665549
1.4159514453814617,6.636148418455969
1.4159522209063422,6.63719719863656
1.4159534862439347,6.638910736046934
1.4159542210602862,6.639907170517591
1.415954643360511,6.640480268060354
1.4159550656607358,6.641053699620837
1.4159553314989828,6.6414148401924775
1.4159555973372298,6.6417761119718906
1.4159558631754767,6.642137518287419
1.4159561206575206,6.642487692468129
1.4159563781395645,6.642837990380529
1.4159565680738813,6.6430964688016
1.415956758008198,6.643355012675221
1.4159569238572078,6.6435808271278125
1.4159570897062177,6.643806692146075
1.4159572555552276,6.64403260948406
1.4159574214042374,6.644258578327451
1.4159575831470723,6.644479003818508
1.415957786685772,6.644756460173259
1.4159580412870951,6.64510363061868
1.4159583192968384,6.645482857010948
1.4159585465035665,6.645792888467509
1.4159588191625452,6.646165070648489
1.4159590414462362,6.6464685938607815
1.4159592856446033,6.646802148330059
1.4159595196090176,6.647121830308109
1.415959708526329,6.647380034547399
1.415959964000313,6.64772931382833
1.4159601902454348,6.648038734404182
1.4159605411239427,6.6485187979591585
1.4159609494957726,6.649077823668829
1.4159617115042642,6.6501217645965465
1.415962226294788,6.650827649145267
1.4159627410853117,6.651534031816745
1.4159632558758355,6.652240915797547
1.4159637706663593,6.652948302333838
1.4159642098836043,6.653552245023929
1.4159646491008493,6.654156548989812
1.415964988668497,6.654623993820953
1.4159652514531513,6.654985892255725
1.4159655142378056,6.655347919463169
1.4159657770224598,6.655710074150166
1.4159660101278742,6.656031435148892
1.4159661724378128,6.656255259398851
1.4159663347477514,6.65647913413187
1.41596649705769,6.656703058907184
1.4159666593676286,6.6569270332812005
1.4159668216775672,6.6571510572838095
1.4159669839875058,6.65737513159072
1.4159671652081005,6.657625370375951
1.4159674453864488,6.658012380914693
1.4159677240452557,6.658397440732941
1.4159680027040626,6.658782641803435
1.4159682813628696,6.6591679880355255
1.4159685600216765,6.659553487219741
1.4159688386804834,6.659939134743512
1.4159691173392903,6.660324926604071
1.415969291317,6.660565865369361
1.4159694652947095,6.6608068610673214
1.415969639272419,6.661047914782162
1.4159698132501286,6.661289027720015
1.4159699872278382,6.661530200684004
1.4159701612055478,6.661771432776106
1.4159703250349909,6.66199864683219
1.4159705474504054,6.662307195705162
1.4159707971076838,6.662653650165
1.4159710117646704,6.662951630328982
1.4159713424271902,6.663410822577138
1.415971657799155,6.663848980450063
1.4159719291505117,6.664226127952816
1.415972271169945,6.664701692881036
1.4159726226773965,6.665190685518371
1.4159733881026495,6.666256310621011
1.415973803633941,6.66683528059328
1.4159742191652327,6.667414575506375
1.4159746264693156,6.667982730334777
1.4159750337733985,6.668551206483847
1.4159753023529826,6.668926243584557
1.4159755709325668,6.669301420973036
1.415975839512151,6.66967674173596
1.4159760555357,6.669978722468409
1.4159762102558529,6.670195061762179
1.4159763649760058,6.670411448357774
1.4159765196961587,6.670627883780973
1.4159766744163116,6.670844366264376
1.4159768194001416,6.67104726744137
1.4159769643839717,6.671250208977624
1.4159771324117036,6.671485457471995
1.4159773124264983,6.671737549592945
1.415977487055405,6.671982158318763
1.4159777078317217,6.6722914919585765
1.4159779552219343,6.672638226922684
1.4159782194556818,6.673008703549821
1.4159784836894294,6.673379313472257
1.415978747923177,6.673750056562858
1.4159790121569245,6.674120942206863
1.4159792654799557,6.674476638844662
1.415979446808875,6.674731325069525
1.4159796281377945,6.6749860747045995
1.415979809466714,6.675240888079196
1.4159799907956334,6.675495764476574
1.4159801721245528,6.675750705187145
1.4159803534534723,6.676005708408104
1.4159807044328339,6.676499477279223
1.4159811222033931,6.677087531006625
1.4159814605313248,6.677564014682879
1.4159817744234775,6.678006291443655
1.4159820889680246,6.678449690190332
1.4159823602241202,6.678832230676465
1.4159826314802157,6.679214915874267
1.4159829027363113,6.679597746814585
1.415983173992407,6.679980729711349
1.4159834452485025,6.680363863892676
1.4159836923112141,6.6807129527550755
1.4159845531963497,6.681930328670413
1.415985416591225,6.683152752563739
1.4159862799861,6.684376654948204
1.415987043650655,6.685460493439806
1.4159877344380243,6.686441898856211
1.4159884098384026,6.687402371520134
1.4159888267146135,6.687995672437522
1.4159892435908243,6.688589323390001
1.4159896106393663,6.689112316651349
1.4159899429605631,6.689586064513659
1.41599027528176,6.690060036195225
1.4159905074532837,6.690391314169984
1.4159907396248075,6.690722704714813
1.4159909020745711,6.690954644334812
1.4159910645243348,6.691186638595414
1.4159912269740984,6.69141868903936
1.4159913889060463,6.691650054754762
1.415991550837994,6.69188147479116
1.415991712769942,6.692112947351058
1.4159918642708775,6.6923295586879705
1.4159920466351454,6.692590360264675
1.415992244670254,6.69287364952764
1.415992496380069,6.693233839112149
1.4159927398357195,6.6935823374481185
1.415992997048866,6.693950664083378
1.41599348950487,6.694656225668591
1.415993916675421,6.695268664974815
1.4159941827030103,6.69565026593417
1.4159944167218972,6.695986073296016
1.4159946507407841,6.696321996529283
1.4159948284658703,6.696577187498803
1.4159950061909565,6.696832444485646
1.4159951839160427,6.697087767604867
1.415995361641129,6.697343157019441
1.4159955173219918,6.697566920877704
1.4159956507125067,6.697758686432258
1.4159958114369813,6.6979897974731
1.4159959925078376,6.6982502319440345
1.415996182078344,6.698522964723581
1.4159964161186778,6.698859779533907
1.4159966422203105,6.699185279607745
1.4159968733010695,6.699518059815893
1.4159971012549326,6.699846444803827
1.4159974645910391,6.700370087036951
1.415997770227589,6.700810781143605
1.4159980636330136,6.701234018403255
1.4159985049575137,6.701870967836026
1.4159993259943058,6.703057035825863
1.4159998441978447,6.703806346276054
1.4160001672403755,6.704273730008175
1.416000375409465,6.704575028179568
1.4160005211758584,6.7047860601654445
1.4160006669422518,6.7049971389037415
1.4160008127086452,6.705208262378562
1.4160009584750386,6.7054194313362565
1.416001104241432,6.705630645595482
1.4160012500078254,6.705841904984886
1.4160014750485421,6.706168144435747
1.4160017157618616,6.706517220411295
1.4160019097636605,6.706798646609939
1.4160021093257,6.707088220421111
1.4160022912390802,6.707352256410045
1.4160024853801956,6.707634119577232
1.416002682932112,6.707921016383916
1.4160029206514888,6.708266358966679
1.4160031475996078,6.70859616686848
1.4160033618561154,6.708907628936102
1.416003576112623,6.709219188544716
1.4160037903691307,6.709530844923443
1.4160040046256384,6.709842592964006
1.416004218882146,6.7101544360690495
1.4160044331386537,6.710466372709813
1.4160047510583473,6.710929414372807
1.4160049976438762,6.711288698353063
1.416005244229405,6.711648111907454
1.416005490814934,6.71200765279693
1.4160057374004629,6.712367323393035
1.4160059839859918,6.712727120835831
1.4160062094450478,6.713056206004761
1.4160064564926684,6.713416929353698
1.416006694936929,6.7137652159288255
1.4160069491685743,6.714136694510384
1.4160071745908909,6.714466190958069
1.4160073790076828,6.714765076493702
1.4160076149739476,6.715110206162961
1.4160078605022932,6.715469447585165
1.4160081590076636,6.715906380025378
1.4160088513441405,6.716920538027859
1.416009599739385,6.718017966409491
1.4160099629655458,6.7185510350151265
1.4160102991178676,6.719044617642774
1.4160106352701893,6.71953844430101
1.4160109151160107,6.7199497451759935
1.4160111566617242,6.720304890236652
1.4160113514854524,6.720591430723721
1.4160115752503832,6.720920638712372
1.416011799015314,6.7212499554107765
1.4160120175307271,6.72157165272201
1.4160122284412326,6.721882253303809
1.4160124393517382,6.722192953756088
1.4160126502622437,6.722503748603614
1.4160128649750974,6.722820250078813
1.416013079687951,6.7231368523352195
1.4160132944008048,6.723453555116009
1.4160135091136585,6.723770361737758
1.4160137238265122,6.724087270655118
1.4160139019082805,6.724350189911416
1.4160141146454905,6.72466436318495
1.416014315761326,6.724961463398525
1.4160145275237415,6.7252743805028254
1.4160149270207905,6.725864969676384
1.4160151732747075,6.7262291935875735
1.4160154195286245,6.726593557506203
1.4160156657825416,6.726958051802746
1.416015899209239,6.727303683082958
1.4160161326359366,6.727649434111867
1.4160163154519463,6.7279203044009295
1.4160164931014347,6.72818359086771
1.4160166707509232,6.728446948995138
1.4160168167496603,6.728663438655922
1.4160169627483974,6.72887997415872
1.4160171087471345,6.729096557545167
1.416017314546487,6.729401933656126
1.4160174901768523,6.729662618426933
1.4160176856342352,6.729952814355357
1.4160178321017702,6.730170331927227
1.4160179785693052,6.730387896179324
1.4160181109317804,6.730584549935309
1.4160182432942556,6.730781241901159
1.4160183756567308,6.730977972228475
1.416018508019206,6.731174741449016
1.4160186463695454,6.731380453932933
1.4160192699626606,6.732308191991161
1.416019971738112,6.7333532695439064
1.4160203525476347,6.733920832686634
1.416020729132252,6.734482399403586
1.4160209706350289,6.73484269220312
1.4160212121378057,6.735203116301694
1.4160214536405826,6.735563673767129
1.4160216951433595,6.735924361359818
1.4160219366461364,6.7362851820298
1.4160221475924812,6.736600452311275
1.4160223603421507,6.736918523710504
1.416022600965324,6.737278392063298
1.4160228415884974,6.737638386795473
1.4160230822116708,6.737998507837095
1.4160233228348442,6.73835875967308
1.4160235634580176,6.738719138662986
1.416023804081191,6.739079649182595
1.4160240557902195,6.7394569163332845
1.4160245850293878,6.740250603417667
1.4160249679860717,6.740825303039872
1.4160252231701755,6.741208431230838
1.4160254783542794,6.741591705441483
1.4160257278521262,6.74196657990049
1.416025977349973,6.742341595671041
1.4160261780398116,6.742643354401106
1.41602637872965,6.742945203753739
1.4160268662531368,6.743678864503411
1.4160273669917058,6.744432985308625
1.4160276607492608,6.744875649447741
1.4160279545068157,6.745318512215905
1.4160282482643707,6.745761574281986
1.4160284321047028,6.746038952215106
1.4160286159450348,6.74631640641318
1.4160287997853669,6.7465939361038405
1.4160289486930009,6.746818786207445
1.416029097600635,6.7470436877258715
1.416029246508269,6.7472686393222
1.4160295182499454,6.7476792820526885
1.4160301403246884,6.748619966896214
1.4160306985095945,6.749464811759901
1.416031064674043,6.7500194082489
1.416031240319987,6.750285553466867
1.416031415965931,6.750551767001525
1.416031591611875,6.750818052204025
1.4160317418921966,6.751045939243931
1.4160318756122505,6.75124875846232
1.4160320093323044,6.751451618789197
1.4160321824564983,6.751714317603168
1.416032350445678,6.751969291112705
1.4160324819406538,6.752168921565615
1.4160326134356296,6.752368592892684
1.4160327449306054,6.752568303453865
1.4160328764255812,6.752768052210135
1.416033007920557,6.752967840807494
1.4160331394155328,6.753167670072561
1.4160332834085472,6.753386540382744
1.416033451197774,6.753641642740985
1.4160336023389617,6.753871490397939
1.4160337773973477,6.754137776107506
1.4160340739184183,6.754588984741829
1.4160343730540454,6.7550443785156995
1.4160348564774772,6.755780779891334
1.416035070372403,6.756106787332051
1.416035234695407,6.756357312906184
1.4160353990184111,6.756607899819443
1.4160355633414152,6.756858552312453
1.4160357276644193,6.757109267961154
1.4160358919874234,6.757360044667425
1.416036049180146,6.757599998401792
1.4160362509718394,6.757908117368828
1.416036694185177,6.758585208451205
1.4160370611967945,6.759146234873137
1.416037403240713,6.759669381047597
1.4160377452846316,6.7601927969083455
1.4160379604394984,6.760522180621525
1.4160381522574654,6.760815930682989
1.4160383440754325,6.761109768281111
1.4160385358933996,6.761403691594941
1.4160387277113666,6.761697701031517
1.4160389195293337,6.761991799302133
1.4160391186630696,6.762297207450087
1.4160393580062964,6.762664404247367
1.4160395987790682,6.76303392810609
1.416039811742044,6.763360885231975
1.4160400004348355,6.76365067307601
1.41604021225249,6.763976081988148
1.4160404074966535,6.7642761240656
1.4160405884577747,6.764554298371698
1.4160407804380764,6.764849496431992
1.4160409845544768,6.765163448157642
1.4160411748170239,6.765456176784053
1.416041365079571,6.765748992320492
1.416041555342118,6.766041900117676
1.416041745604665,6.766334892432265
1.416041935867212,6.766627971161745
1.4160421408493906,6.766943821240223
1.4160424098340976,6.76735844550068
1.416042626411997,6.767692406281693
1.4160428429898964,6.768026478195229
1.4160430595677957,6.768360660017412
1.4160432290565867,6.768622262149513
1.4160433985453778,6.76888393175776
1.4160435680341688,6.769145669872933
1.4160437375229598,6.769407476455822
1.4160439070117508,6.7696693518787034
1.4160440514711798,6.769892609407038
1.416044225692306,6.770161927446734
1.416044485918931,6.770564330412846
1.4160447239897487,6.7709326159573715
1.4160449227769039,6.771240234391366
1.4160450948483954,6.7715065854240475
1.4160454042583952,6.771985702434767
1.416045707519347,6.772455519065952
1.4160459879321083,6.7728901338642125
1.4160462683448696,6.773324938703059
1.4160465487576308,6.773759931078608
1.416046829170392,6.774195114974715
1.4160471095831533,6.7746304928074235
1.4160473390946138,6.77498698404936
1.4160476310127765,6.775440591334821
1.4160479028931148,6.775863242773126
1.4160480457295594,6.776085359720287
1.4160481726779592,6.776282810338972
1.416048299626359,6.776480298899657
1.4160484265747588,6.776677827649797
1.4160485485314256,6.776867627015172
1.4160486704880924,6.777057462889599
1.4160487930777872,6.777248322501266
1.416048946504904,6.777487245439439
1.4160490723877037,6.777683316041506
1.416049255960211,6.777969309772033
1.4160495364846162,6.778406505207736
1.4160497679389195,6.7787673695497945
1.4160499993932227,6.77912836641087
1.416050230847526,6.779489495272583
1.4160504623018293,6.779850756103269
1.416050678735179,6.780188691450271
1.4160508951685287,6.780526740395548
1.41605113199376,6.7808967755047345
1.4160512571758923,6.78109242978451
1.4160513748412413,6.781276370710678
1.4160514925065903,6.781460345020693
1.4160516098634282,6.781643871320644
1.416051727220266,6.7818274312570095
1.4160518445771038,6.782011024180932
1.416051967361859,6.782203143764223
1.4160520851340714,6.782387454411743
1.4160521497949845,6.782488661096818
1.4160521899435672,6.782551506556761
1.4160522300921499,6.78259078629148
1.4160522702407325,6.78259078629148
